<annotation>
	<folder>images</folder>
	<filename>image_all2.jpeg</filename>
	<path>/home/saedrone/tflite-custom-object-bookworm/images/image_all2.jpeg</path>
	<source>
		<database>Unknown</database>
	</source>
	<size>
		<width>813</width>
		<height>812</height>
		<depth>3</depth>
	</size>
	<segmented>0</segmented>
	<object>
		<name>object_square</name>
		<pose>Unspecified</pose>
		<truncated>0</truncated>
		<difficult>0</difficult>
		<bndbox>
			<xmin>29</xmin>
			<ymin>29</ymin>
			<xmax>277</xmax>
			<ymax>273</ymax>
		</bndbox>
	</object>
	<object>
		<name>object_square</name>
		<pose>Unspecified</pose>
		<truncated>0</truncated>
		<difficult>0</difficult>
		<bndbox>
			<xmin>564</xmin>
			<ymin>278</ymin>
			<xmax>797</xmax>
			<ymax>516</ymax>
		</bndbox>
	</object>
	<object>
		<name>object_square</name>
		<pose>Unspecified</pose>
		<truncated>0</truncated>
		<difficult>0</difficult>
		<bndbox>
			<xmin>202</xmin>
			<ymin>503</ymin>
			<xmax>462</xmax>
			<ymax>771</ymax>
		</bndbox>
	</object>
	<object>
		<name>object_circle</name>
		<pose>Unspecified</pose>
		<truncated>0</truncated>
		<difficult>0</difficult>
		<bndbox>
			<xmin>27</xmin>
			<ymin>283</ymin>
			<xmax>239</xmax>
			<ymax>537</ymax>
		</bndbox>
	</object>
	<object>
		<name>object_circle</name>
		<pose>Unspecified</pose>
		<truncated>0</truncated>
		<difficult>0</difficult>
		<bndbox>
			<xmin>523</xmin>
			<ymin>32</ymin>
			<xmax>764</xmax>
			<ymax>252</ymax>
		</bndbox>
	</object>
	<object>
		<name>object_circle</name>
		<pose>Unspecified</pose>
		<truncated>0</truncated>
		<difficult>0</difficult>
		<bndbox>
			<xmin>524</xmin>
			<ymin>535</ymin>
			<xmax>777</xmax>
			<ymax>790</ymax>
		</bndbox>
	</object>
</annotation>
