<annotation>
	<folder>images</folder>
	<filename>image_all3.jpeg</filename>
	<path>/home/saedrone/tflite-custom-object-bookworm/images/image_all3.jpeg</path>
	<source>
		<database>Unknown</database>
	</source>
	<size>
		<width>814</width>
		<height>810</height>
		<depth>3</depth>
	</size>
	<segmented>0</segmented>
	<object>
		<name>object_square</name>
		<pose>Unspecified</pose>
		<truncated>0</truncated>
		<difficult>0</difficult>
		<bndbox>
			<xmin>39</xmin>
			<ymin>11</ymin>
			<xmax>264</xmax>
			<ymax>255</ymax>
		</bndbox>
	</object>
	<object>
		<name>object_circle</name>
		<pose>Unspecified</pose>
		<truncated>0</truncated>
		<difficult>0</difficult>
		<bndbox>
			<xmin>277</xmin>
			<ymin>17</ymin>
			<xmax>519</xmax>
			<ymax>223</ymax>
		</bndbox>
	</object>
	<object>
		<name>object_square</name>
		<pose>Unspecified</pose>
		<truncated>0</truncated>
		<difficult>0</difficult>
		<bndbox>
			<xmin>270</xmin>
			<ymin>292</ymin>
			<xmax>515</xmax>
			<ymax>533</ymax>
		</bndbox>
	</object>
	<object>
		<name>object_square</name>
		<pose>Unspecified</pose>
		<truncated>0</truncated>
		<difficult>0</difficult>
		<bndbox>
			<xmin>553</xmin>
			<ymin>542</ymin>
			<xmax>793</xmax>
			<ymax>789</ymax>
		</bndbox>
	</object>
	<object>
		<name>object_circle</name>
		<pose>Unspecified</pose>
		<truncated>0</truncated>
		<difficult>0</difficult>
		<bndbox>
			<xmin>37</xmin>
			<ymin>543</ymin>
			<xmax>265</xmax>
			<ymax>774</ymax>
		</bndbox>
	</object>
	<object>
		<name>object_circle</name>
		<pose>Unspecified</pose>
		<truncated>0</truncated>
		<difficult>0</difficult>
		<bndbox>
			<xmin>571</xmin>
			<ymin>301</ymin>
			<xmax>803</xmax>
			<ymax>523</ymax>
		</bndbox>
	</object>
</annotation>
