<annotation>
	<folder>images</folder>
	<filename>image_all_1.jpeg</filename>
	<path>/home/saedrone/tflite-custom-object-bookworm/images/image_all_1.jpeg</path>
	<source>
		<database>Unknown</database>
	</source>
	<size>
		<width>1600</width>
		<height>1600</height>
		<depth>3</depth>
	</size>
	<segmented>0</segmented>
	<object>
		<name>object_square</name>
		<pose>Unspecified</pose>
		<truncated>0</truncated>
		<difficult>0</difficult>
		<bndbox>
			<xmin>65</xmin>
			<ymin>59</ymin>
			<xmax>545</xmax>
			<ymax>527</ymax>
		</bndbox>
	</object>
	<object>
		<name>object_square</name>
		<pose>Unspecified</pose>
		<truncated>0</truncated>
		<difficult>0</difficult>
		<bndbox>
			<xmin>1089</xmin>
			<ymin>543</ymin>
			<xmax>1575</xmax>
			<ymax>1059</ymax>
		</bndbox>
	</object>
	<object>
		<name>object_square</name>
		<pose>Unspecified</pose>
		<truncated>0</truncated>
		<difficult>0</difficult>
		<bndbox>
			<xmin>411</xmin>
			<ymin>1021</ymin>
			<xmax>890</xmax>
			<ymax>1509</ymax>
		</bndbox>
	</object>
	<object>
		<name>object_circle</name>
		<pose>Unspecified</pose>
		<truncated>0</truncated>
		<difficult>0</difficult>
		<bndbox>
			<xmin>46</xmin>
			<ymin>600</ymin>
			<xmax>509</xmax>
			<ymax>1034</ymax>
		</bndbox>
	</object>
	<object>
		<name>object_circle</name>
		<pose>Unspecified</pose>
		<truncated>0</truncated>
		<difficult>0</difficult>
		<bndbox>
			<xmin>1024</xmin>
			<ymin>44</ymin>
			<xmax>1524</xmax>
			<ymax>490</ymax>
		</bndbox>
	</object>
	<object>
		<name>object_circle</name>
		<pose>Unspecified</pose>
		<truncated>0</truncated>
		<difficult>0</difficult>
		<bndbox>
			<xmin>1023</xmin>
			<ymin>1075</ymin>
			<xmax>1529</xmax>
			<ymax>1537</ymax>
		</bndbox>
	</object>
</annotation>
