<annotation>
	<folder>images</folder>
	<filename>object_square2.jpeg</filename>
	<path>/home/saedrone/tflite-custom-object-bookworm/images/object_square2.jpeg</path>
	<source>
		<database>Unknown</database>
	</source>
	<size>
		<width>476</width>
		<height>449</height>
		<depth>3</depth>
	</size>
	<segmented>0</segmented>
	<object>
		<name>object_square</name>
		<pose>Unspecified</pose>
		<truncated>0</truncated>
		<difficult>0</difficult>
		<bndbox>
			<xmin>105</xmin>
			<ymin>99</ymin>
			<xmax>353</xmax>
			<ymax>302</ymax>
		</bndbox>
	</object>
</annotation>
