<annotation>
	<folder>images</folder>
	<filename>object_circle1.jpeg</filename>
	<path>/home/saedrone/tflite-custom-object-bookworm/images/object_circle1.jpeg</path>
	<source>
		<database>Unknown</database>
	</source>
	<size>
		<width>683</width>
		<height>649</height>
		<depth>3</depth>
	</size>
	<segmented>0</segmented>
	<object>
		<name>object_circle</name>
		<pose>Unspecified</pose>
		<truncated>0</truncated>
		<difficult>0</difficult>
		<bndbox>
			<xmin>181</xmin>
			<ymin>159</ymin>
			<xmax>469</xmax>
			<ymax>421</ymax>
		</bndbox>
	</object>
</annotation>
