<annotation>
	<folder>images</folder>
	<filename>object_circle2.jpeg</filename>
	<path>/home/saedrone/tflite-custom-object-bookworm/images/object_circle2.jpeg</path>
	<source>
		<database>Unknown</database>
	</source>
	<size>
		<width>817</width>
		<height>698</height>
		<depth>3</depth>
	</size>
	<segmented>0</segmented>
	<object>
		<name>object_circle</name>
		<pose>Unspecified</pose>
		<truncated>0</truncated>
		<difficult>0</difficult>
		<bndbox>
			<xmin>136</xmin>
			<ymin>146</ymin>
			<xmax>598</xmax>
			<ymax>519</ymax>
		</bndbox>
	</object>
</annotation>
