<annotation>
	<folder>images</folder>
	<filename>object_square4.jpeg</filename>
	<path>/home/saedrone/tflite-custom-object-bookworm/images/object_square4.jpeg</path>
	<source>
		<database>Unknown</database>
	</source>
	<size>
		<width>766</width>
		<height>718</height>
		<depth>3</depth>
	</size>
	<segmented>0</segmented>
	<object>
		<name>object_square</name>
		<pose>Unspecified</pose>
		<truncated>0</truncated>
		<difficult>0</difficult>
		<bndbox>
			<xmin>227</xmin>
			<ymin>182</ymin>
			<xmax>486</xmax>
			<ymax>417</ymax>
		</bndbox>
	</object>
</annotation>
