<annotation>
	<folder>images</folder>
	<filename>target2.jpeg</filename>
	<path>/home/saedrone/tflite-custom-object-bookworm/images/target2.jpeg</path>
	<source>
		<database>Unknown</database>
	</source>
	<size>
		<width>540</width>
		<height>360</height>
		<depth>3</depth>
	</size>
	<segmented>0</segmented>
	<object>
		<name>target</name>
		<pose>Unspecified</pose>
		<truncated>0</truncated>
		<difficult>0</difficult>
		<bndbox>
			<xmin>128</xmin>
			<ymin>44</ymin>
			<xmax>437</xmax>
			<ymax>306</ymax>
		</bndbox>
	</object>
</annotation>
