<annotation>
	<folder>images</folder>
	<filename>target3.jpeg</filename>
	<path>/home/saedrone/tflite-custom-object-bookworm/images/target3.jpeg</path>
	<source>
		<database>Unknown</database>
	</source>
	<size>
		<width>457</width>
		<height>403</height>
		<depth>3</depth>
	</size>
	<segmented>0</segmented>
	<object>
		<name>target</name>
		<pose>Unspecified</pose>
		<truncated>0</truncated>
		<difficult>0</difficult>
		<bndbox>
			<xmin>107</xmin>
			<ymin>43</ymin>
			<xmax>366</xmax>
			<ymax>321</ymax>
		</bndbox>
	</object>
</annotation>
